mess_id,active_duration,average_time_spent
88,0.33333,81
89,0.33333,81
90,0.33333,49
91,0.33333,57
92,0.33333,76
93,0.33333,59
94,0.33333,50
