mess_id,active_duration,average_time_spent
88,8,0.8745445139470076
89,8,1.2356840119350228
90,8,1.1518654827510995
91,8,0.5695541694949975
92,8,1.1977650963988904
93,8,0.8180981466353614
94,8,0.7883335432374046
