mess_id,active_duration,average_time_spent
88,0.33333,90
89,0.33333,80
90,0.33333,86
91,0.33333,52
92,0.33333,32
93,0.33333,57
94,0.33333,86
