mess_id,active_duration,average_time_spent
88,0.33333,76
89,0.33333,38
90,0.33333,35
91,0.33333,86
92,0.33333,85
93,0.33333,64
94,0.33333,72
